update PROP set TYPE='S', VALIDATION='Both,New,Refill' where ID=37009;
update WORKSTORE_PROP set VALUE='Both' where PROP_ID=37009;

delete from CORPORATE_PROP where PROP_ID in (11002,16004,19003);
delete from HOSPITAL_PROP where PROP_ID in (14008,14011);
delete from PROP where ID in (11002,14008,14011,16004,19003);

delete from WORKSTORE_PROP where PROP_ID=14012;
insert into CORPORATE_PROP (ID,PROP_ID,VALUE,SORT_SEQ,CREATE_USER,CREATE_DATE,UPDATE_USER,UPDATE_DATE,VERSION) values (14012,14012,'DZ',14012,'pmsadmin',sysdate,'pmsadmin',sysdate,1);

insert into PROP (ID,NAME,DESCRIPTION,VALIDATION,TYPE,CACHE_IN_SESSION_FLAG,CACHE_EXPIRE_TIME,CREATE_USER,CREATE_DATE,UPDATE_USER,UPDATE_DATE,VERSION,DEF_VALUE,MAINT_SCREEN,HIDE_IN_OPERATION_PROFILE_TYPE,SYNC_FLAG) values (20013,'label.mpDispLabel.sort','Sorting of IP dispensing labels','[B]ed,[I]bin,[C]ode,[P]hn,[L]oc','S',0,60,'pmsadmin',sysdate,'pmsadmin',sysdate,1,null,'I',null,0);
insert into PROP (ID,NAME,DESCRIPTION,VALIDATION,TYPE,CACHE_IN_SESSION_FLAG,CACHE_EXPIRE_TIME,CREATE_USER,CREATE_DATE,UPDATE_USER,UPDATE_DATE,VERSION,DEF_VALUE,MAINT_SCREEN,HIDE_IN_OPERATION_PROFILE_TYPE,SYNC_FLAG) values (20014,'label.dividerLabel.enabled','Enable divider label','Y,N','B',0,60,'pmsadmin',sysdate,'pmsadmin',sysdate,1,null,'I',null,0);
insert into PROP (ID,NAME,DESCRIPTION,VALIDATION,TYPE,CACHE_IN_SESSION_FLAG,CACHE_EXPIRE_TIME,CREATE_USER,CREATE_DATE,UPDATE_USER,UPDATE_DATE,VERSION,DEF_VALUE,MAINT_SCREEN,HIDE_IN_OPERATION_PROFILE_TYPE,SYNC_FLAG) values (27011,'report.trx.hkid.visible','Show HKID in Transaction Report','Y,N','B',0,60,'pmsadmin',sysdate,'pmsadmin',sysdate,1,null,'I',null,0);
insert into PROP (ID,NAME,DESCRIPTION,VALIDATION,TYPE,CACHE_IN_SESSION_FLAG,CACHE_EXPIRE_TIME,CREATE_USER,CREATE_DATE,UPDATE_USER,UPDATE_DATE,VERSION,DEF_VALUE,MAINT_SCREEN,HIDE_IN_OPERATION_PROFILE_TYPE,SYNC_FLAG) values (34003,'workstore.activateOperationProfile.logoutSession','Force all logout connected sessions when activate operation profile','Y,N','B',1,0,'pmsadmin',sysdate,'pmsadmin',sysdate,1,null,'O',null,0);
insert into WORKSTORE_PROP (ID,PROP_ID,VALUE,SORT_SEQ,HOSP_CODE,WORKSTORE_CODE,CREATE_USER,CREATE_DATE,UPDATE_USER,UPDATE_DATE,VERSION) values (1001199,20013,'[I]bin',20013,'VH','WKS1','pmsadmin',sysdate,'pmsadmin',sysdate,1);
insert into WORKSTORE_PROP (ID,PROP_ID,VALUE,SORT_SEQ,HOSP_CODE,WORKSTORE_CODE,CREATE_USER,CREATE_DATE,UPDATE_USER,UPDATE_DATE,VERSION) values (1001200,20013,'[I]bin',20013,'UCH','WKS1','pmsadmin',sysdate,'pmsadmin',sysdate,1);
insert into WORKSTORE_PROP (ID,PROP_ID,VALUE,SORT_SEQ,HOSP_CODE,WORKSTORE_CODE,CREATE_USER,CREATE_DATE,UPDATE_USER,UPDATE_DATE,VERSION) values (1001201,20013,'[I]bin',20013,'VH','WKS2','pmsadmin',sysdate,'pmsadmin',sysdate,1);
insert into WORKSTORE_PROP (ID,PROP_ID,VALUE,SORT_SEQ,HOSP_CODE,WORKSTORE_CODE,CREATE_USER,CREATE_DATE,UPDATE_USER,UPDATE_DATE,VERSION) values (1001202,20013,'[I]bin',20013,'UCH','WKSA','pmsadmin',sysdate,'pmsadmin',sysdate,1);
insert into WORKSTORE_PROP (ID,PROP_ID,VALUE,SORT_SEQ,HOSP_CODE,WORKSTORE_CODE,CREATE_USER,CREATE_DATE,UPDATE_USER,UPDATE_DATE,VERSION) values (1001203,20013,'[I]bin',20013,'QMH','WKS','pmsadmin',sysdate,'pmsadmin',sysdate,1);
insert into WORKSTORE_PROP (ID,PROP_ID,VALUE,SORT_SEQ,HOSP_CODE,WORKSTORE_CODE,CREATE_USER,CREATE_DATE,UPDATE_USER,UPDATE_DATE,VERSION) values (1001204,20013,'[I]bin',20013,'TMH','WKS','pmsadmin',sysdate,'pmsadmin',sysdate,1);
insert into WORKSTORE_PROP (ID,PROP_ID,VALUE,SORT_SEQ,HOSP_CODE,WORKSTORE_CODE,CREATE_USER,CREATE_DATE,UPDATE_USER,UPDATE_DATE,VERSION) values (1001205,20013,'[I]bin',20013,'QMH','WKS1','pmsadmin',sysdate,'pmsadmin',sysdate,1);
insert into WORKSTORE_PROP (ID,PROP_ID,VALUE,SORT_SEQ,HOSP_CODE,WORKSTORE_CODE,CREATE_USER,CREATE_DATE,UPDATE_USER,UPDATE_DATE,VERSION) values (1001206,20013,'[I]bin',20013,'ALC','WKS','pmsadmin',sysdate,'pmsadmin',sysdate,1);
insert into WORKSTORE_PROP (ID,PROP_ID,VALUE,SORT_SEQ,HOSP_CODE,WORKSTORE_CODE,CREATE_USER,CREATE_DATE,UPDATE_USER,UPDATE_DATE,VERSION) values (1001207,20013,'[I]bin',20013,'QEH','WKSE','pmsadmin',sysdate,'pmsadmin',sysdate,1);
insert into WORKSTORE_PROP (ID,PROP_ID,VALUE,SORT_SEQ,HOSP_CODE,WORKSTORE_CODE,CREATE_USER,CREATE_DATE,UPDATE_USER,UPDATE_DATE,VERSION) values (1001208,20013,'[I]bin',20013,'QES','WKS','pmsadmin',sysdate,'pmsadmin',sysdate,1);
insert into WORKSTORE_PROP (ID,PROP_ID,VALUE,SORT_SEQ,HOSP_CODE,WORKSTORE_CODE,CREATE_USER,CREATE_DATE,UPDATE_USER,UPDATE_DATE,VERSION) values (1001209,20013,'[I]bin',20013,'LKK','WKS','pmsadmin',sysdate,'pmsadmin',sysdate,1);
insert into WORKSTORE_PROP (ID,PROP_ID,VALUE,SORT_SEQ,HOSP_CODE,WORKSTORE_CODE,CREATE_USER,CREATE_DATE,UPDATE_USER,UPDATE_DATE,VERSION) values (1001210,20014,'Y',20014,'VH','WKS1','pmsadmin',sysdate,'pmsadmin',sysdate,1);
insert into WORKSTORE_PROP (ID,PROP_ID,VALUE,SORT_SEQ,HOSP_CODE,WORKSTORE_CODE,CREATE_USER,CREATE_DATE,UPDATE_USER,UPDATE_DATE,VERSION) values (1001211,20014,'Y',20014,'UCH','WKS1','pmsadmin',sysdate,'pmsadmin',sysdate,1);
insert into WORKSTORE_PROP (ID,PROP_ID,VALUE,SORT_SEQ,HOSP_CODE,WORKSTORE_CODE,CREATE_USER,CREATE_DATE,UPDATE_USER,UPDATE_DATE,VERSION) values (1001212,20014,'Y',20014,'VH','WKS2','pmsadmin',sysdate,'pmsadmin',sysdate,1);
insert into WORKSTORE_PROP (ID,PROP_ID,VALUE,SORT_SEQ,HOSP_CODE,WORKSTORE_CODE,CREATE_USER,CREATE_DATE,UPDATE_USER,UPDATE_DATE,VERSION) values (1001213,20014,'Y',20014,'UCH','WKSA','pmsadmin',sysdate,'pmsadmin',sysdate,1);
insert into WORKSTORE_PROP (ID,PROP_ID,VALUE,SORT_SEQ,HOSP_CODE,WORKSTORE_CODE,CREATE_USER,CREATE_DATE,UPDATE_USER,UPDATE_DATE,VERSION) values (1001214,20014,'Y',20014,'QMH','WKS','pmsadmin',sysdate,'pmsadmin',sysdate,1);
insert into WORKSTORE_PROP (ID,PROP_ID,VALUE,SORT_SEQ,HOSP_CODE,WORKSTORE_CODE,CREATE_USER,CREATE_DATE,UPDATE_USER,UPDATE_DATE,VERSION) values (1001215,20014,'Y',20014,'TMH','WKS','pmsadmin',sysdate,'pmsadmin',sysdate,1);
insert into WORKSTORE_PROP (ID,PROP_ID,VALUE,SORT_SEQ,HOSP_CODE,WORKSTORE_CODE,CREATE_USER,CREATE_DATE,UPDATE_USER,UPDATE_DATE,VERSION) values (1001216,20014,'Y',20014,'QMH','WKS1','pmsadmin',sysdate,'pmsadmin',sysdate,1);
insert into WORKSTORE_PROP (ID,PROP_ID,VALUE,SORT_SEQ,HOSP_CODE,WORKSTORE_CODE,CREATE_USER,CREATE_DATE,UPDATE_USER,UPDATE_DATE,VERSION) values (1001217,20014,'Y',20014,'ALC','WKS','pmsadmin',sysdate,'pmsadmin',sysdate,1);
insert into WORKSTORE_PROP (ID,PROP_ID,VALUE,SORT_SEQ,HOSP_CODE,WORKSTORE_CODE,CREATE_USER,CREATE_DATE,UPDATE_USER,UPDATE_DATE,VERSION) values (1001218,20014,'Y',20014,'QEH','WKSE','pmsadmin',sysdate,'pmsadmin',sysdate,1);
insert into WORKSTORE_PROP (ID,PROP_ID,VALUE,SORT_SEQ,HOSP_CODE,WORKSTORE_CODE,CREATE_USER,CREATE_DATE,UPDATE_USER,UPDATE_DATE,VERSION) values (1001219,20014,'Y',20014,'QES','WKS','pmsadmin',sysdate,'pmsadmin',sysdate,1);
insert into WORKSTORE_PROP (ID,PROP_ID,VALUE,SORT_SEQ,HOSP_CODE,WORKSTORE_CODE,CREATE_USER,CREATE_DATE,UPDATE_USER,UPDATE_DATE,VERSION) values (1001220,20014,'Y',20014,'LKK','WKS','pmsadmin',sysdate,'pmsadmin',sysdate,1);
insert into WORKSTORE_PROP (ID,PROP_ID,VALUE,SORT_SEQ,HOSP_CODE,WORKSTORE_CODE,CREATE_USER,CREATE_DATE,UPDATE_USER,UPDATE_DATE,VERSION) values (1001221,27011,'N',27011,'VH','WKS1','pmsadmin',sysdate,'pmsadmin',sysdate,1);
insert into WORKSTORE_PROP (ID,PROP_ID,VALUE,SORT_SEQ,HOSP_CODE,WORKSTORE_CODE,CREATE_USER,CREATE_DATE,UPDATE_USER,UPDATE_DATE,VERSION) values (1001222,27011,'N',27011,'UCH','WKS1','pmsadmin',sysdate,'pmsadmin',sysdate,1);
insert into WORKSTORE_PROP (ID,PROP_ID,VALUE,SORT_SEQ,HOSP_CODE,WORKSTORE_CODE,CREATE_USER,CREATE_DATE,UPDATE_USER,UPDATE_DATE,VERSION) values (1001223,27011,'N',27011,'VH','WKS2','pmsadmin',sysdate,'pmsadmin',sysdate,1);
insert into WORKSTORE_PROP (ID,PROP_ID,VALUE,SORT_SEQ,HOSP_CODE,WORKSTORE_CODE,CREATE_USER,CREATE_DATE,UPDATE_USER,UPDATE_DATE,VERSION) values (1001224,27011,'N',27011,'UCH','WKSA','pmsadmin',sysdate,'pmsadmin',sysdate,1);
insert into WORKSTORE_PROP (ID,PROP_ID,VALUE,SORT_SEQ,HOSP_CODE,WORKSTORE_CODE,CREATE_USER,CREATE_DATE,UPDATE_USER,UPDATE_DATE,VERSION) values (1001225,27011,'N',27011,'QMH','WKS','pmsadmin',sysdate,'pmsadmin',sysdate,1);
insert into WORKSTORE_PROP (ID,PROP_ID,VALUE,SORT_SEQ,HOSP_CODE,WORKSTORE_CODE,CREATE_USER,CREATE_DATE,UPDATE_USER,UPDATE_DATE,VERSION) values (1001226,27011,'N',27011,'TMH','WKS','pmsadmin',sysdate,'pmsadmin',sysdate,1);
insert into WORKSTORE_PROP (ID,PROP_ID,VALUE,SORT_SEQ,HOSP_CODE,WORKSTORE_CODE,CREATE_USER,CREATE_DATE,UPDATE_USER,UPDATE_DATE,VERSION) values (1001227,27011,'N',27011,'QMH','WKS1','pmsadmin',sysdate,'pmsadmin',sysdate,1);
insert into WORKSTORE_PROP (ID,PROP_ID,VALUE,SORT_SEQ,HOSP_CODE,WORKSTORE_CODE,CREATE_USER,CREATE_DATE,UPDATE_USER,UPDATE_DATE,VERSION) values (1001228,27011,'N',27011,'ALC','WKS','pmsadmin',sysdate,'pmsadmin',sysdate,1);
insert into WORKSTORE_PROP (ID,PROP_ID,VALUE,SORT_SEQ,HOSP_CODE,WORKSTORE_CODE,CREATE_USER,CREATE_DATE,UPDATE_USER,UPDATE_DATE,VERSION) values (1001229,27011,'N',27011,'QEH','WKSE','pmsadmin',sysdate,'pmsadmin',sysdate,1);
insert into WORKSTORE_PROP (ID,PROP_ID,VALUE,SORT_SEQ,HOSP_CODE,WORKSTORE_CODE,CREATE_USER,CREATE_DATE,UPDATE_USER,UPDATE_DATE,VERSION) values (1001230,27011,'N',27011,'QES','WKS','pmsadmin',sysdate,'pmsadmin',sysdate,1);
insert into WORKSTORE_PROP (ID,PROP_ID,VALUE,SORT_SEQ,HOSP_CODE,WORKSTORE_CODE,CREATE_USER,CREATE_DATE,UPDATE_USER,UPDATE_DATE,VERSION) values (1001231,27011,'N',27011,'LKK','WKS','pmsadmin',sysdate,'pmsadmin',sysdate,1);
insert into WORKSTORE_PROP (ID,PROP_ID,VALUE,SORT_SEQ,HOSP_CODE,WORKSTORE_CODE,CREATE_USER,CREATE_DATE,UPDATE_USER,UPDATE_DATE,VERSION) values (1001232,34003,'N',34003,'VH','WKS1','pmsadmin',sysdate,'pmsadmin',sysdate,1);
insert into WORKSTORE_PROP (ID,PROP_ID,VALUE,SORT_SEQ,HOSP_CODE,WORKSTORE_CODE,CREATE_USER,CREATE_DATE,UPDATE_USER,UPDATE_DATE,VERSION) values (1001233,34003,'N',34003,'UCH','WKS1','pmsadmin',sysdate,'pmsadmin',sysdate,1);
insert into WORKSTORE_PROP (ID,PROP_ID,VALUE,SORT_SEQ,HOSP_CODE,WORKSTORE_CODE,CREATE_USER,CREATE_DATE,UPDATE_USER,UPDATE_DATE,VERSION) values (1001234,34003,'N',34003,'VH','WKS2','pmsadmin',sysdate,'pmsadmin',sysdate,1);
insert into WORKSTORE_PROP (ID,PROP_ID,VALUE,SORT_SEQ,HOSP_CODE,WORKSTORE_CODE,CREATE_USER,CREATE_DATE,UPDATE_USER,UPDATE_DATE,VERSION) values (1001235,34003,'N',34003,'UCH','WKSA','pmsadmin',sysdate,'pmsadmin',sysdate,1);
insert into WORKSTORE_PROP (ID,PROP_ID,VALUE,SORT_SEQ,HOSP_CODE,WORKSTORE_CODE,CREATE_USER,CREATE_DATE,UPDATE_USER,UPDATE_DATE,VERSION) values (1001236,34003,'N',34003,'QMH','WKS','pmsadmin',sysdate,'pmsadmin',sysdate,1);
insert into WORKSTORE_PROP (ID,PROP_ID,VALUE,SORT_SEQ,HOSP_CODE,WORKSTORE_CODE,CREATE_USER,CREATE_DATE,UPDATE_USER,UPDATE_DATE,VERSION) values (1001237,34003,'N',34003,'TMH','WKS','pmsadmin',sysdate,'pmsadmin',sysdate,1);
insert into WORKSTORE_PROP (ID,PROP_ID,VALUE,SORT_SEQ,HOSP_CODE,WORKSTORE_CODE,CREATE_USER,CREATE_DATE,UPDATE_USER,UPDATE_DATE,VERSION) values (1001238,34003,'N',34003,'QMH','WKS1','pmsadmin',sysdate,'pmsadmin',sysdate,1);
insert into WORKSTORE_PROP (ID,PROP_ID,VALUE,SORT_SEQ,HOSP_CODE,WORKSTORE_CODE,CREATE_USER,CREATE_DATE,UPDATE_USER,UPDATE_DATE,VERSION) values (1001239,34003,'N',34003,'ALC','WKS','pmsadmin',sysdate,'pmsadmin',sysdate,1);
insert into WORKSTORE_PROP (ID,PROP_ID,VALUE,SORT_SEQ,HOSP_CODE,WORKSTORE_CODE,CREATE_USER,CREATE_DATE,UPDATE_USER,UPDATE_DATE,VERSION) values (1001240,34003,'N',34003,'QEH','WKSE','pmsadmin',sysdate,'pmsadmin',sysdate,1);
insert into WORKSTORE_PROP (ID,PROP_ID,VALUE,SORT_SEQ,HOSP_CODE,WORKSTORE_CODE,CREATE_USER,CREATE_DATE,UPDATE_USER,UPDATE_DATE,VERSION) values (1001241,34003,'N',34003,'QES','WKS','pmsadmin',sysdate,'pmsadmin',sysdate,1);
insert into WORKSTORE_PROP (ID,PROP_ID,VALUE,SORT_SEQ,HOSP_CODE,WORKSTORE_CODE,CREATE_USER,CREATE_DATE,UPDATE_USER,UPDATE_DATE,VERSION) values (1001242,34003,'N',34003,'LKK','WKS','pmsadmin',sysdate,'pmsadmin',sysdate,1);

update PROP set CACHE_EXPIRE_TIME=0 where ID in (14004,14005,20006,22013,24001,24002,25007,25008,30003,30004,32020,32030);

update PROP set DESCRIPTION='The highest severity level of MDS Drug-Drug Interaction' where ID=10002;
update PROP set DESCRIPTION='The highest severity level of MDS G6PD deficiency' where ID=10006;
update PROP set DESCRIPTION='The highest severity level of MDS Pregnancy contraindication' where ID=10009;
update PROP set DESCRIPTION='Show MDS log' where ID=10012;
update PROP set DESCRIPTION='Show MDS criteria of Drug Information service' where ID=10014;
update PROP set DESCRIPTION='Show assembled orders in check list' where ID=11001;
update PROP set DESCRIPTION='Show dispensing label with dispensing barcode' where ID=20001;
update PROP set DESCRIPTION='Show dispensing label with instruction' where ID=20002;
update PROP set DESCRIPTION='Show dispensing label with itemcode barcode' where ID=20003;
update PROP set DESCRIPTION='Mask the number of characters of user ID on dispensing label' where ID=20007;
update PROP set DESCRIPTION='Show dispensing label with user ID' where ID=20008;
update PROP set DESCRIPTION='Enable IP dispensing label with large fonts' where ID=20010;
update PROP set DESCRIPTION='Show IP dispensing label with ward return barcode' where ID=20011;
update PROP set DESCRIPTION='Show chargeable item checkbox on Refill coupon' where ID=25018;
update PROP set DESCRIPTION='Show 2D barcode on Medication Summary Report' where ID=27001;
update PROP set DESCRIPTION='Authenticate users with access right of sending pharmacy remark', NAME='vetting.sendPharmRemark.action.full.authenticate' where ID=32031;

--//@UNDO
update PROP set TYPE='LS', VALIDATION='New (exclude Stat and Urgent),Refill,Urgent Only,Stat Only' where ID=37009;
update WORKSTORE_PROP set VALUE='New (exclude Stat and Urgent),Refill,Urgent Only,Stat Only' where PROP_ID=37009;

insert into PROP (ID,NAME,DESCRIPTION,VALIDATION,TYPE,CACHE_IN_SESSION_FLAG,CACHE_EXPIRE_TIME,CREATE_USER,CREATE_DATE,UPDATE_USER,UPDATE_DATE,VERSION,DEF_VALUE,MAINT_SCREEN,HIDE_IN_OPERATION_PROFILE_TYPE,SYNC_FLAG) values (11002,'assembling.order.duration.limit','Limited duration (in days) of orders allowed for Assembling','1-90','dd',0,60,'pmsadmin',to_timestamp('29-JUL-11 12.00.00.000000000 AM','DD-MON-RR HH.MI.SS.FF AM'),'pmsadmin',to_timestamp('29-JUL-11 12.00.00.000000000 AM','DD-MON-RR HH.MI.SS.FF AM'),0,null,'S',null,0);
insert into PROP (ID,NAME,DESCRIPTION,VALIDATION,TYPE,CACHE_IN_SESSION_FLAG,CACHE_EXPIRE_TIME,CREATE_USER,CREATE_DATE,UPDATE_USER,UPDATE_DATE,VERSION,DEF_VALUE,MAINT_SCREEN,HIDE_IN_OPERATION_PROFILE_TYPE,SYNC_FLAG) values (14008,'charging.sfi.ipMarkup.min','Lower markup limit of IP SFI Charging','0-3000','I',0,60,'pmsadmin',to_timestamp('29-JUL-11 12.00.00.000000000 AM','DD-MON-RR HH.MI.SS.FF AM'),'pmsadmin',to_timestamp('29-JUL-11 12.00.00.000000000 AM','DD-MON-RR HH.MI.SS.FF AM'),0,null,'S',null,1);
insert into PROP (ID,NAME,DESCRIPTION,VALIDATION,TYPE,CACHE_IN_SESSION_FLAG,CACHE_EXPIRE_TIME,CREATE_USER,CREATE_DATE,UPDATE_USER,UPDATE_DATE,VERSION,DEF_VALUE,MAINT_SCREEN,HIDE_IN_OPERATION_PROFILE_TYPE,SYNC_FLAG) values (14011,'charging.sfi.opMarkup.min','Lower markup limit of OP SFI Charging','0-3000','I',0,60,'pmsadmin',to_timestamp('29-JUL-11 12.00.00.000000000 AM','DD-MON-RR HH.MI.SS.FF AM'),'pmsadmin',to_timestamp('29-JUL-11 12.00.00.000000000 AM','DD-MON-RR HH.MI.SS.FF AM'),0,null,'S',null,0);
insert into PROP (ID,NAME,DESCRIPTION,VALIDATION,TYPE,CACHE_IN_SESSION_FLAG,CACHE_EXPIRE_TIME,CREATE_USER,CREATE_DATE,UPDATE_USER,UPDATE_DATE,VERSION,DEF_VALUE,MAINT_SCREEN,HIDE_IN_OPERATION_PROFILE_TYPE,SYNC_FLAG) values (16004,'checkIssue.order.duration.limit','Limited duration (in days) of orders allowed for Checking and Issuing','1-90','dd',0,60,'pmsadmin',to_timestamp('29-JUL-11 12.00.00.000000000 AM','DD-MON-RR HH.MI.SS.FF AM'),'pmsadmin',to_timestamp('29-JUL-11 12.00.00.000000000 AM','DD-MON-RR HH.MI.SS.FF AM'),0,null,'S',null,0);
insert into PROP (ID,NAME,DESCRIPTION,VALIDATION,TYPE,CACHE_IN_SESSION_FLAG,CACHE_EXPIRE_TIME,CREATE_USER,CREATE_DATE,UPDATE_USER,UPDATE_DATE,VERSION,DEF_VALUE,MAINT_SCREEN,HIDE_IN_OPERATION_PROFILE_TYPE,SYNC_FLAG) values (19003,'issue.order.duration.limit','Limited duration (in days) of orders allowed for Issuing','1-90','dd',0,60,'pmsadmin',to_timestamp('29-JUL-11 12.00.00.000000000 AM','DD-MON-RR HH.MI.SS.FF AM'),'pmsadmin',to_timestamp('29-JUL-11 12.00.00.000000000 AM','DD-MON-RR HH.MI.SS.FF AM'),0,null,'S',null,0);
insert into CORPORATE_PROP (ID,PROP_ID,VALUE,SORT_SEQ,CREATE_USER,CREATE_DATE,UPDATE_USER,UPDATE_DATE,VERSION) values (11002,11002,'90',11002,'pmsadmin',to_timestamp('27-APR-12 06.10.00.000000000 PM','DD-MON-RR HH.MI.SS.FF AM'),'pmsadmin',to_timestamp('27-APR-12 06.10.00.000000000 PM','DD-MON-RR HH.MI.SS.FF AM'),1);
insert into CORPORATE_PROP (ID,PROP_ID,VALUE,SORT_SEQ,CREATE_USER,CREATE_DATE,UPDATE_USER,UPDATE_DATE,VERSION) values (16004,16004,'90',16004,'pmsadmin',to_timestamp('27-APR-12 06.10.00.000000000 PM','DD-MON-RR HH.MI.SS.FF AM'),'pmsadmin',to_timestamp('27-APR-12 06.10.00.000000000 PM','DD-MON-RR HH.MI.SS.FF AM'),1);
insert into CORPORATE_PROP (ID,PROP_ID,VALUE,SORT_SEQ,CREATE_USER,CREATE_DATE,UPDATE_USER,UPDATE_DATE,VERSION) values (19003,19003,'90',19003,'pmsadmin',to_timestamp('27-APR-12 06.10.00.000000000 PM','DD-MON-RR HH.MI.SS.FF AM'),'pmsadmin',to_timestamp('27-APR-12 06.10.00.000000000 PM','DD-MON-RR HH.MI.SS.FF AM'),1);
insert into HOSPITAL_PROP (ID,SORT_SEQ,VALUE,HOSP_CODE,PROP_ID,CREATE_USER,CREATE_DATE,UPDATE_USER,UPDATE_DATE,VERSION) values (1000096,14008,'0','VH',14008,'pmsadmin',to_timestamp('27-APR-12 06.10.00.000000000 PM','DD-MON-RR HH.MI.SS.FF AM'),'pmsadmin',to_timestamp('27-APR-12 06.10.00.000000000 PM','DD-MON-RR HH.MI.SS.FF AM'),1);
insert into HOSPITAL_PROP (ID,SORT_SEQ,VALUE,HOSP_CODE,PROP_ID,CREATE_USER,CREATE_DATE,UPDATE_USER,UPDATE_DATE,VERSION) values (1000097,14008,'0','QES',14008,'pmsadmin',to_timestamp('27-APR-12 06.10.00.000000000 PM','DD-MON-RR HH.MI.SS.FF AM'),'pmsadmin',to_timestamp('27-APR-12 06.10.00.000000000 PM','DD-MON-RR HH.MI.SS.FF AM'),1);
insert into HOSPITAL_PROP (ID,SORT_SEQ,VALUE,HOSP_CODE,PROP_ID,CREATE_USER,CREATE_DATE,UPDATE_USER,UPDATE_DATE,VERSION) values (1000098,14008,'0','QMH',14008,'pmsadmin',to_timestamp('27-APR-12 06.10.00.000000000 PM','DD-MON-RR HH.MI.SS.FF AM'),'pmsadmin',to_timestamp('27-APR-12 06.10.00.000000000 PM','DD-MON-RR HH.MI.SS.FF AM'),1);
insert into HOSPITAL_PROP (ID,SORT_SEQ,VALUE,HOSP_CODE,PROP_ID,CREATE_USER,CREATE_DATE,UPDATE_USER,UPDATE_DATE,VERSION) values (1000099,14008,'0','TMH',14008,'pmsadmin',to_timestamp('27-APR-12 06.10.00.000000000 PM','DD-MON-RR HH.MI.SS.FF AM'),'pmsadmin',to_timestamp('27-APR-12 06.10.00.000000000 PM','DD-MON-RR HH.MI.SS.FF AM'),1);
insert into HOSPITAL_PROP (ID,SORT_SEQ,VALUE,HOSP_CODE,PROP_ID,CREATE_USER,CREATE_DATE,UPDATE_USER,UPDATE_DATE,VERSION) values (1000100,14008,'0','LKK',14008,'pmsadmin',to_timestamp('27-APR-12 06.10.00.000000000 PM','DD-MON-RR HH.MI.SS.FF AM'),'pmsadmin',to_timestamp('27-APR-12 06.10.00.000000000 PM','DD-MON-RR HH.MI.SS.FF AM'),1);
insert into HOSPITAL_PROP (ID,SORT_SEQ,VALUE,HOSP_CODE,PROP_ID,CREATE_USER,CREATE_DATE,UPDATE_USER,UPDATE_DATE,VERSION) values (1000101,14008,'0','QEH',14008,'pmsadmin',to_timestamp('27-APR-12 06.10.00.000000000 PM','DD-MON-RR HH.MI.SS.FF AM'),'pmsadmin',to_timestamp('27-APR-12 06.10.00.000000000 PM','DD-MON-RR HH.MI.SS.FF AM'),1);
insert into HOSPITAL_PROP (ID,SORT_SEQ,VALUE,HOSP_CODE,PROP_ID,CREATE_USER,CREATE_DATE,UPDATE_USER,UPDATE_DATE,VERSION) values (1000102,14008,'0','UCH',14008,'pmsadmin',to_timestamp('27-APR-12 06.10.00.000000000 PM','DD-MON-RR HH.MI.SS.FF AM'),'pmsadmin',to_timestamp('27-APR-12 06.10.00.000000000 PM','DD-MON-RR HH.MI.SS.FF AM'),1);
insert into HOSPITAL_PROP (ID,SORT_SEQ,VALUE,HOSP_CODE,PROP_ID,CREATE_USER,CREATE_DATE,UPDATE_USER,UPDATE_DATE,VERSION) values (1000103,14008,'0','ALC',14008,'pmsadmin',to_timestamp('27-APR-12 06.10.00.000000000 PM','DD-MON-RR HH.MI.SS.FF AM'),'pmsadmin',to_timestamp('27-APR-12 06.10.00.000000000 PM','DD-MON-RR HH.MI.SS.FF AM'),1);
insert into HOSPITAL_PROP (ID,SORT_SEQ,VALUE,HOSP_CODE,PROP_ID,CREATE_USER,CREATE_DATE,UPDATE_USER,UPDATE_DATE,VERSION) values (1000120,14011,'0','VH',14011,'pmsadmin',to_timestamp('27-APR-12 06.10.00.000000000 PM','DD-MON-RR HH.MI.SS.FF AM'),'pmsadmin',to_timestamp('27-APR-12 06.10.00.000000000 PM','DD-MON-RR HH.MI.SS.FF AM'),1);
insert into HOSPITAL_PROP (ID,SORT_SEQ,VALUE,HOSP_CODE,PROP_ID,CREATE_USER,CREATE_DATE,UPDATE_USER,UPDATE_DATE,VERSION) values (1000121,14011,'0','QES',14011,'pmsadmin',to_timestamp('27-APR-12 06.10.00.000000000 PM','DD-MON-RR HH.MI.SS.FF AM'),'pmsadmin',to_timestamp('27-APR-12 06.10.00.000000000 PM','DD-MON-RR HH.MI.SS.FF AM'),1);
insert into HOSPITAL_PROP (ID,SORT_SEQ,VALUE,HOSP_CODE,PROP_ID,CREATE_USER,CREATE_DATE,UPDATE_USER,UPDATE_DATE,VERSION) values (1000122,14011,'0','QMH',14011,'pmsadmin',to_timestamp('27-APR-12 06.10.00.000000000 PM','DD-MON-RR HH.MI.SS.FF AM'),'pmsadmin',to_timestamp('27-APR-12 06.10.00.000000000 PM','DD-MON-RR HH.MI.SS.FF AM'),1);
insert into HOSPITAL_PROP (ID,SORT_SEQ,VALUE,HOSP_CODE,PROP_ID,CREATE_USER,CREATE_DATE,UPDATE_USER,UPDATE_DATE,VERSION) values (1000123,14011,'0','TMH',14011,'pmsadmin',to_timestamp('27-APR-12 06.10.00.000000000 PM','DD-MON-RR HH.MI.SS.FF AM'),'pmsadmin',to_timestamp('27-APR-12 06.10.00.000000000 PM','DD-MON-RR HH.MI.SS.FF AM'),1);
insert into HOSPITAL_PROP (ID,SORT_SEQ,VALUE,HOSP_CODE,PROP_ID,CREATE_USER,CREATE_DATE,UPDATE_USER,UPDATE_DATE,VERSION) values (1000124,14011,'0','LKK',14011,'pmsadmin',to_timestamp('27-APR-12 06.10.00.000000000 PM','DD-MON-RR HH.MI.SS.FF AM'),'pmsadmin',to_timestamp('27-APR-12 06.10.00.000000000 PM','DD-MON-RR HH.MI.SS.FF AM'),1);
insert into HOSPITAL_PROP (ID,SORT_SEQ,VALUE,HOSP_CODE,PROP_ID,CREATE_USER,CREATE_DATE,UPDATE_USER,UPDATE_DATE,VERSION) values (1000125,14011,'0','QEH',14011,'pmsadmin',to_timestamp('27-APR-12 06.10.00.000000000 PM','DD-MON-RR HH.MI.SS.FF AM'),'pmsadmin',to_timestamp('27-APR-12 06.10.00.000000000 PM','DD-MON-RR HH.MI.SS.FF AM'),1);
insert into HOSPITAL_PROP (ID,SORT_SEQ,VALUE,HOSP_CODE,PROP_ID,CREATE_USER,CREATE_DATE,UPDATE_USER,UPDATE_DATE,VERSION) values (1000126,14011,'0','UCH',14011,'pmsadmin',to_timestamp('27-APR-12 06.10.00.000000000 PM','DD-MON-RR HH.MI.SS.FF AM'),'pmsadmin',to_timestamp('27-APR-12 06.10.00.000000000 PM','DD-MON-RR HH.MI.SS.FF AM'),1);
insert into HOSPITAL_PROP (ID,SORT_SEQ,VALUE,HOSP_CODE,PROP_ID,CREATE_USER,CREATE_DATE,UPDATE_USER,UPDATE_DATE,VERSION) values (1000127,14011,'0','ALC',14011,'pmsadmin',to_timestamp('27-APR-12 06.10.00.000000000 PM','DD-MON-RR HH.MI.SS.FF AM'),'pmsadmin',to_timestamp('27-APR-12 06.10.00.000000000 PM','DD-MON-RR HH.MI.SS.FF AM'),1);

delete from CORPORATE_PROP where PROP_ID=14012;
insert into WORKSTORE_PROP (ID,PROP_ID,VALUE,SORT_SEQ,HOSP_CODE,WORKSTORE_CODE,CREATE_USER,CREATE_DATE,UPDATE_USER,UPDATE_DATE,VERSION) values (1000033,14012,'DZ',14012,'VH','WKS1','pmsadmin',to_timestamp('27-APR-12 06.10.00.000000000 PM','DD-MON-RR HH.MI.SS.FF AM'),'pmsadmin',to_timestamp('27-APR-12 06.10.00.000000000 PM','DD-MON-RR HH.MI.SS.FF AM'),1);
insert into WORKSTORE_PROP (ID,PROP_ID,VALUE,SORT_SEQ,HOSP_CODE,WORKSTORE_CODE,CREATE_USER,CREATE_DATE,UPDATE_USER,UPDATE_DATE,VERSION) values (1000034,14012,'DZ',14012,'UCH','WKS1','pmsadmin',to_timestamp('27-APR-12 06.10.00.000000000 PM','DD-MON-RR HH.MI.SS.FF AM'),'pmsadmin',to_timestamp('27-APR-12 06.10.00.000000000 PM','DD-MON-RR HH.MI.SS.FF AM'),1);
insert into WORKSTORE_PROP (ID,PROP_ID,VALUE,SORT_SEQ,HOSP_CODE,WORKSTORE_CODE,CREATE_USER,CREATE_DATE,UPDATE_USER,UPDATE_DATE,VERSION) values (1000035,14012,'DZ',14012,'VH','WKS2','pmsadmin',to_timestamp('27-APR-12 06.10.00.000000000 PM','DD-MON-RR HH.MI.SS.FF AM'),'pmsadmin',to_timestamp('27-APR-12 06.10.00.000000000 PM','DD-MON-RR HH.MI.SS.FF AM'),1);
insert into WORKSTORE_PROP (ID,PROP_ID,VALUE,SORT_SEQ,HOSP_CODE,WORKSTORE_CODE,CREATE_USER,CREATE_DATE,UPDATE_USER,UPDATE_DATE,VERSION) values (1000036,14012,'DZ',14012,'UCH','WKSA','pmsadmin',to_timestamp('27-APR-12 06.10.00.000000000 PM','DD-MON-RR HH.MI.SS.FF AM'),'pmsadmin',to_timestamp('27-APR-12 06.10.00.000000000 PM','DD-MON-RR HH.MI.SS.FF AM'),1);
insert into WORKSTORE_PROP (ID,PROP_ID,VALUE,SORT_SEQ,HOSP_CODE,WORKSTORE_CODE,CREATE_USER,CREATE_DATE,UPDATE_USER,UPDATE_DATE,VERSION) values (1000037,14012,'DZ',14012,'QMH','WKS','pmsadmin',to_timestamp('27-APR-12 06.10.00.000000000 PM','DD-MON-RR HH.MI.SS.FF AM'),'pmsadmin',to_timestamp('27-APR-12 06.10.00.000000000 PM','DD-MON-RR HH.MI.SS.FF AM'),1);
insert into WORKSTORE_PROP (ID,PROP_ID,VALUE,SORT_SEQ,HOSP_CODE,WORKSTORE_CODE,CREATE_USER,CREATE_DATE,UPDATE_USER,UPDATE_DATE,VERSION) values (1000038,14012,'DZ',14012,'TMH','WKS','pmsadmin',to_timestamp('27-APR-12 06.10.00.000000000 PM','DD-MON-RR HH.MI.SS.FF AM'),'pmsadmin',to_timestamp('27-APR-12 06.10.00.000000000 PM','DD-MON-RR HH.MI.SS.FF AM'),1);
insert into WORKSTORE_PROP (ID,PROP_ID,VALUE,SORT_SEQ,HOSP_CODE,WORKSTORE_CODE,CREATE_USER,CREATE_DATE,UPDATE_USER,UPDATE_DATE,VERSION) values (1000039,14012,'DZ',14012,'QMH','WKS1','pmsadmin',to_timestamp('27-APR-12 06.10.00.000000000 PM','DD-MON-RR HH.MI.SS.FF AM'),'pmsadmin',to_timestamp('27-APR-12 06.10.00.000000000 PM','DD-MON-RR HH.MI.SS.FF AM'),1);
insert into WORKSTORE_PROP (ID,PROP_ID,VALUE,SORT_SEQ,HOSP_CODE,WORKSTORE_CODE,CREATE_USER,CREATE_DATE,UPDATE_USER,UPDATE_DATE,VERSION) values (1000040,14012,'DZ',14012,'ALC','WKS','pmsadmin',to_timestamp('27-APR-12 06.10.00.000000000 PM','DD-MON-RR HH.MI.SS.FF AM'),'pmsadmin',to_timestamp('27-APR-12 06.10.00.000000000 PM','DD-MON-RR HH.MI.SS.FF AM'),1);
insert into WORKSTORE_PROP (ID,PROP_ID,VALUE,SORT_SEQ,HOSP_CODE,WORKSTORE_CODE,CREATE_USER,CREATE_DATE,UPDATE_USER,UPDATE_DATE,VERSION) values (1000041,14012,'DZ',14012,'QEH','WKSE','pmsadmin',to_timestamp('27-APR-12 06.10.00.000000000 PM','DD-MON-RR HH.MI.SS.FF AM'),'pmsadmin',to_timestamp('27-APR-12 06.10.00.000000000 PM','DD-MON-RR HH.MI.SS.FF AM'),1);
insert into WORKSTORE_PROP (ID,PROP_ID,VALUE,SORT_SEQ,HOSP_CODE,WORKSTORE_CODE,CREATE_USER,CREATE_DATE,UPDATE_USER,UPDATE_DATE,VERSION) values (1000042,14012,'DZ',14012,'QES','WKS','pmsadmin',to_timestamp('27-APR-12 06.10.00.000000000 PM','DD-MON-RR HH.MI.SS.FF AM'),'pmsadmin',to_timestamp('27-APR-12 06.10.00.000000000 PM','DD-MON-RR HH.MI.SS.FF AM'),1);
insert into WORKSTORE_PROP (ID,PROP_ID,VALUE,SORT_SEQ,HOSP_CODE,WORKSTORE_CODE,CREATE_USER,CREATE_DATE,UPDATE_USER,UPDATE_DATE,VERSION) values (1000043,14012,'DZ',14012,'LKK','WKS','pmsadmin',to_timestamp('27-APR-12 06.10.00.000000000 PM','DD-MON-RR HH.MI.SS.FF AM'),'pmsadmin',to_timestamp('27-APR-12 06.10.00.000000000 PM','DD-MON-RR HH.MI.SS.FF AM'),1);

delete from WORKSTORE_PROP where PROP_ID in (20013,20014,27001,34003);
delete from PROP where ID in (20013,20014,27001,34003);

update PROP set CACHE_EXPIRE_TIME=60 where ID in (14004,14005,20006,22013,24001,24002,25007,25008,30003,30004,32020,32030);

update PROP set DESCRIPTION='Display the highest severity level of MDS Drug-Drug Interaction' where ID=10002;
update PROP set DESCRIPTION='Display the highest severity level of MDS G6PD deficiency' where ID=10006;
update PROP set DESCRIPTION='Display the highest severity level of MDS Pregnancy contraindication' where ID=10009;
update PROP set DESCRIPTION='Display MDS log' where ID=10012;
update PROP set DESCRIPTION='Display MDS criteria of Drug Information service' where ID=10014;
update PROP set DESCRIPTION='Display the assembled orders in check list' where ID=11001;
update PROP set DESCRIPTION='Display dispensing label with dispensing barcode' where ID=20001;
update PROP set DESCRIPTION='Display dispensing label with instruction' where ID=20002;
update PROP set DESCRIPTION='Display dispensing label with itemcode barcode' where ID=20003;
update PROP set DESCRIPTION='Display dispensing label with the number of characters of user ID masked' where ID=20007;
update PROP set DESCRIPTION='Display dispensing label with user ID' where ID=20008;
update PROP set DESCRIPTION='Display IP dispensing label with large fonts' where ID=20010;
update PROP set DESCRIPTION='Display IP dispensing label with ward return barcode' where ID=20011;
update PROP set DESCRIPTION='Display chargeable item checkbox on Refill coupon' where ID=25018;
update PROP set DESCRIPTION='Display 2D barcode on Medication Summary Report' where ID=27001;
update PROP set DESCRIPTION='Require user authentication for those with access right of sending pharmacy remark', NAME='vetting.sendPharmRemark.action.full.authentication.required' where ID=32031;
